Title,Company,Location,Tags,Description,URL
"Manager, Technical Support",DocuSign,Canada,"full-time, Technical Support",,https://jobicy.com/jobs/117732-manager-technical-support
AI Filmmaker,Bitfinex,Anywhere,"full-time, Creative &amp; Design",,https://jobicy.com/jobs/116886-ai-filmmaker
"Retail Sales Concierge, Stealth AI Company",Atomic,USA,"full-time, Sales",,https://jobicy.com/jobs/116887-retail-sales-concierge-stealth-ai-company
Cloud Engineer GCP,Paymentology,UK,"full-time, Software Engineering",,https://jobicy.com/jobs/117726-cloud-engineer-gcp
PostgreSQL Database Administrator,Paymentology,Anywhere,"full-time, DevOps &amp; Infrastructure",,https://jobicy.com/jobs/117725-postgresql-database-administrator
Senior Software Engineer (Backend Focus),Tripadvisor,UK,"full-time, Software Engineering",,https://jobicy.com/jobs/112382-senior-software-engineer-elasticsearch
Web Developer,Cella,USA,"contract, Programming",,https://jobicy.com/jobs/117724-web-developer-2
Senior Digital Acquisition Strategist,ServiceNow,"Canada,  USA","full-time, Marketing &amp; Sales",,https://jobicy.com/jobs/116301-senior-digital-acquisition-strategist
Inside Sales Representative,ANGI,USA,"full-time, Sales",,https://jobicy.com/jobs/97046-inside-sales-representative-11
Sr. Software Engineer,ANGI,USA,"full-time, Software Engineering",,https://jobicy.com/jobs/108383-software-engineer-2
Senior Enterprise Account Executive,Axon,USA,"full-time, Sales",,https://jobicy.com/jobs/114836-senior-enterprise-account-executive
Class Instructor for Large Live Online Classes,Varsity Tutors,USA,"contract, part-time, Product &amp; Operations",,https://jobicy.com/jobs/115578-livestream-host-instructor-for-large-live-online-classes
Software Engineer - iOS,Calm,USA,"full-time, Software Engineering",,https://jobicy.com/jobs/112378-senior-backend-engineer-10
Sales Development Representative - UK,dscout,UK,"full-time, Sales",,https://jobicy.com/jobs/116299-sales-development-representative-14
Sales Development Representative,FullStory,UK,"full-time, Sales",,https://jobicy.com/jobs/116893-sales-development-representative-17
Social Media Manager,Designit,USA,"full-time, Social Media Marketing",,https://jobicy.com/jobs/116900-social-media-project-manager
Customer Support Specialist III,Wrapbook,USA,"full-time, Customer Success",,https://jobicy.com/jobs/116904-customer-support-specialist-iii
Staff Accountant,hims &amp;#038; hers,USA,"full-time, Finance &amp; Accounting",,https://jobicy.com/jobs/116911-staff-accountant-4
Customer Support Specialist (Weekend Support),Mercury,"Australia,  New Zealand","full-time, Customer Success",,https://jobicy.com/jobs/117717-customer-support-specialist-weekend-support
Senior Product Designer,Automattic,Anywhere,"full-time, Creative &amp; Design",,https://jobicy.com/jobs/117716-senior-product-designer-26
IT Security Analyst,Wpromote,USA,"full-time, DevOps &amp; Infrastructure",,https://jobicy.com/jobs/117715-it-security-analyst
Senior Staff Product Designer,Kraken,Europe,"full-time, Creative &amp; Design",,https://jobicy.com/jobs/117707-senior-staff-product-designer
Customer Marketing Manager,Salesloft,USA,"full-time, Marketing &amp; Sales",,https://jobicy.com/jobs/117705-customer-marketing-manager-3
Senior Product Designer,ConvertKit,Anywhere,"full-time, Creative &amp; Design",,https://jobicy.com/jobs/117700-senior-product-designer-25
Senior Enterprise Account Executive - DACH,Fastly,Germany,"full-time, Sales",,https://jobicy.com/jobs/116288-senior-account-executive-dach
Android Developer III,AccuWeather,USA,"full-time, Programming",,https://jobicy.com/jobs/111485-android-developer-iii
Commercial Legal Counsel,1Password,"Canada,  USA","full-time, Legal &amp; Compliance",,https://jobicy.com/jobs/116286-senior-privacy-engineer
Sr. Software Engineer - Task Platform,Lime,Canada,"full-time, Software Engineering",,https://jobicy.com/jobs/109442-senior-software-engineer-payments-trust
Staff Technical Customer Success Manager,Kong Inc.,Australia,"full-time, Technical Support",,https://jobicy.com/jobs/115531-senior-technical-customer-success-manager
"Assessment Item Writer, Editor",Instructure,USA,"contract, Content &amp; Editorial",,https://jobicy.com/jobs/111486-assessment-item-writer-editor
"Product Manager, Consumer Core &amp;amp; Platform",Kraken,"Canada,  Europe,  USA","full-time, Product &amp; Operations",,https://jobicy.com/jobs/112355-product-manager-payments
"Manager, Customer Success",Upwork,USA,"full-time, Customer Success",,https://jobicy.com/jobs/116885-manager-customer-success
Software Development Manager,Makeship,Canada,"full-time, Software Engineering",,https://jobicy.com/jobs/116876-software-development-manager
Social Media Specialist,ActiveCampaign,USA,"full-time, Social Media Marketing",,https://jobicy.com/jobs/117693-social-media-specialist-7
Outside Sales Representative,Roofr,USA,"full-time, Sales",,https://jobicy.com/jobs/117692-outside-sales-representative
Senior Recruiter,Bitfinex,Europe,"full-time, HR &amp; Recruiting",,https://jobicy.com/jobs/117691-senior-recruiter-3
Channel Development Manager,Instructure,Australia,"full-time, Sales",,https://jobicy.com/jobs/117690-channel-development-manager
Growth Marketing Specialist,Headway.co,USA,"full-time, Marketing &amp; Sales",,https://jobicy.com/jobs/117688-growth-marketing-specialist
Software Engineer in Test,Persado,"Europe,  Greece","internship, Software Engineering",,https://jobicy.com/jobs/117686-software-engineer-in-test
Senior Segment Marketing Manager,Granicus,USA,"full-time, Marketing &amp; Sales",,https://jobicy.com/jobs/117674-senior-segment-marketing-manager
Social Media Content Creation Specialist,Cella,USA,"contract, Content &amp; Editorial, Social Media Marketing",,https://jobicy.com/jobs/117673-social-media-content-creation-specialist
Linux Desktop &amp; Devices Support Engineer,Canonical,Anywhere,"full-time, Technical Support",,https://jobicy.com/jobs/117660-linux-desktop-devices-support-engineer
Android Seveloper,Planner 5D,Europe,"full-time, Programming",,https://jobicy.com/jobs/117659-android-seveloper
Customer Support Agent,Planner 5D,Europe,"contract, Customer Success",,https://jobicy.com/jobs/117658-customer-support-agent-6
Digital Content Manager,COMPLY,USA,"full-time, Marketing &amp; Sales",,https://jobicy.com/jobs/117655-digital-content-manager
Customer Support Representative (UK),COMPLY,UK,"full-time, Customer Success",,https://jobicy.com/jobs/117654-customer-support-representative-uk
GPU Solutions Engineer,Vultr,USA,"full-time, Sales",,https://jobicy.com/jobs/112338-account-executive-4
Director of Product Management,Crunchtime,USA,"full-time, Product &amp; Operations",,https://jobicy.com/jobs/117650-director-of-product-management-2
Senior Backend Engineer (AWS),Lumenalta,Anywhere,"full-time, Software Engineering",,https://jobicy.com/jobs/111444-react-developer-mid-level
"Staff Software Engineer, Spark",Starburst Data,Poland,"full-time, Software Engineering",,https://jobicy.com/jobs/113751-senior-software-engineer-spark
